,PassengerId,Survived,Pclass,Sex,SibSp,Parch,Fare,Embarked,Title,TicketGroupSize,AgeGroup
0,1,0,3,male,1,0,7.25,S,Mr,1,YoungAdult
1,2,1,1,female,1,0,71.2833,C,Mrs,1,Adult
2,3,1,3,female,0,0,7.925,S,Miss,1,YoungAdult
3,4,1,1,female,1,0,53.1,S,Mrs,2,YoungAdult
4,5,0,3,male,0,0,8.05,S,Mr,1,YoungAdult
5,6,0,3,male,0,0,8.4583,Q,Mr,1,Unknown
6,7,0,1,male,0,0,51.8625,S,Mr,1,Senior
7,8,0,3,male,3,1,21.075,S,Master,4,Child
8,9,1,3,female,0,2,11.1333,S,Mrs,3,YoungAdult
9,10,1,2,female,1,0,30.0708,C,Mrs,2,Teen
10,11,1,3,female,1,1,16.7,S,Miss,2,Child
11,12,1,1,female,0,0,26.55,S,Miss,1,Senior
12,13,0,3,male,0,0,8.05,S,Mr,1,YoungAdult
13,14,0,3,male,1,5,31.275,S,Mr,7,Adult
14,15,0,3,female,0,0,7.8542,S,Miss,1,Teen
15,16,1,2,female,0,0,16.0,S,Mrs,1,Senior
16,17,0,3,male,4,1,29.125,Q,Master,5,Child
17,18,1,2,male,0,0,13.0,S,Mr,1,Unknown
18,19,0,3,female,1,0,18.0,S,Mrs,1,YoungAdult
19,20,1,3,female,0,0,7.225,C,Mrs,1,Unknown
20,21,0,2,male,0,0,26.0,S,Mr,2,YoungAdult
21,22,1,2,male,0,0,13.0,S,Mr,1,YoungAdult
22,23,1,3,female,0,0,8.0292,Q,Miss,1,Teen
23,24,1,1,male,0,0,35.5,S,Mr,1,YoungAdult
24,25,0,3,female,3,1,21.075,S,Miss,4,Child
25,26,1,3,female,1,5,31.3875,S,Mrs,4,Adult
26,27,0,3,male,0,0,7.225,C,Mr,1,Unknown
27,28,0,1,male,3,2,263.0,S,Mr,4,YoungAdult
28,29,1,3,female,0,0,7.8792,Q,Miss,1,Unknown
29,30,0,3,male,0,0,7.8958,S,Mr,1,Unknown
30,31,0,1,male,0,0,27.7208,C,Don,1,Adult
31,32,1,1,female,1,0,146.5208,C,Mrs,2,Unknown
32,33,1,3,female,0,0,7.75,Q,Miss,1,Unknown
33,34,0,2,male,0,0,10.5,S,Mr,1,Senior
34,35,0,1,male,1,0,82.1708,C,Mr,2,YoungAdult
35,36,0,1,male,1,0,52.0,S,Mr,2,Adult
36,37,1,3,male,0,0,7.2292,C,Mr,1,Unknown
37,38,0,3,male,0,0,8.05,S,Mr,1,YoungAdult
38,39,0,3,female,2,0,18.0,S,Miss,2,Teen
39,40,1,3,female,1,0,11.2417,C,Miss,2,Teen
40,41,0,3,female,1,0,9.475,S,Mrs,1,Adult
41,42,0,2,female,1,0,21.0,S,Mrs,2,YoungAdult
42,43,0,3,male,0,0,7.8958,C,Mr,1,Unknown
43,44,1,2,female,1,2,41.5792,C,Miss,3,Child
44,45,1,3,female,0,0,7.8792,Q,Miss,1,YoungAdult
45,46,0,3,male,0,0,8.05,S,Mr,1,Unknown
46,47,0,3,male,1,0,15.5,Q,Mr,1,Unknown
47,48,1,3,female,0,0,7.75,Q,Miss,1,Unknown
48,49,0,3,male,2,0,21.6792,C,Mr,1,Unknown
49,50,0,3,female,1,0,17.8,S,Mrs,2,Teen
50,51,0,3,male,4,1,39.6875,S,Master,6,Child
51,52,0,3,male,0,0,7.8,S,Mr,1,YoungAdult
52,53,1,1,female,1,0,76.7292,C,Mrs,3,Adult
53,54,1,2,female,1,0,26.0,S,Mrs,1,YoungAdult
54,55,0,1,male,0,1,61.9792,C,Mr,1,Senior
55,56,1,1,male,0,0,35.5,S,Mr,1,Unknown
56,57,1,2,female,0,0,10.5,S,Miss,1,YoungAdult
57,58,0,3,male,0,0,7.2292,C,Mr,1,YoungAdult
58,59,1,2,female,1,2,27.75,S,Miss,3,Child
59,60,0,3,male,5,2,46.9,S,Master,6,Child
60,61,0,3,male,0,0,7.2292,C,Mr,1,YoungAdult
61,62,1,1,female,0,0,80.0,Unknown,Miss,2,Adult
62,63,0,1,male,1,0,83.475,S,Mr,2,Adult
63,64,0,3,male,3,2,27.9,S,Master,6,Child
64,65,0,1,male,0,0,27.7208,C,Mr,1,Unknown
65,66,1,3,male,1,1,15.2458,C,Master,2,Unknown
66,67,1,2,female,0,0,10.5,S,Mrs,1,YoungAdult
67,68,0,3,male,0,0,8.1583,S,Mr,1,YoungAdult
68,69,1,3,female,4,2,7.925,S,Miss,1,Teen
69,70,0,3,male,2,0,8.6625,S,Mr,1,YoungAdult
70,71,0,2,male,0,0,10.5,S,Mr,1,YoungAdult
71,72,0,3,female,5,2,46.9,S,Miss,6,Teen
72,73,0,2,male,0,0,73.5,S,Mr,5,YoungAdult
73,74,0,3,male,1,0,14.4542,C,Mr,1,YoungAdult
74,75,1,3,male,0,0,56.4958,S,Mr,7,YoungAdult
75,76,0,3,male,0,0,7.65,S,Mr,1,YoungAdult
76,77,0,3,male,0,0,7.8958,S,Mr,1,Unknown
77,78,0,3,male,0,0,8.05,S,Mr,1,Unknown
78,79,1,2,male,0,2,29.0,S,Master,2,Child
79,80,1,3,female,0,0,12.475,S,Miss,2,YoungAdult
80,81,0,3,male,0,0,9.0,S,Mr,1,YoungAdult
81,82,1,3,male,0,0,9.5,S,Mr,1,YoungAdult
82,83,1,3,female,0,0,7.7875,Q,Miss,1,Unknown
83,84,0,1,male,0,0,47.1,S,Mr,1,YoungAdult
84,85,1,2,female,0,0,10.5,S,Miss,1,Teen
85,86,1,3,female,3,0,15.85,S,Mrs,2,YoungAdult
86,87,0,3,male,1,3,34.375,S,Mr,4,Teen
87,88,0,3,male,0,0,8.05,S,Mr,1,Unknown
88,89,1,1,female,3,2,263.0,S,Miss,4,YoungAdult
89,90,0,3,male,0,0,8.05,S,Mr,1,YoungAdult
90,91,0,3,male,0,0,8.05,S,Mr,1,YoungAdult
91,92,0,3,male,0,0,7.8542,S,Mr,1,YoungAdult
92,93,0,1,male,1,0,61.175,S,Mr,1,Adult
93,94,0,3,male,1,2,20.575,S,Mr,2,YoungAdult
94,95,0,3,male,0,0,7.25,S,Mr,1,Senior
95,96,0,3,male,0,0,8.05,S,Mr,1,Unknown
96,97,0,1,male,0,0,34.6542,C,Mr,1,Senior
97,98,1,1,male,0,1,63.3583,C,Mr,1,YoungAdult
98,99,1,2,female,0,1,23.0,S,Mrs,2,YoungAdult
99,100,0,2,male,1,0,26.0,S,Mr,2,YoungAdult
100,101,0,3,female,0,0,7.8958,S,Miss,1,YoungAdult
101,102,0,3,male,0,0,7.8958,S,Mr,1,Unknown
102,103,0,1,male,0,1,77.2875,S,Mr,2,YoungAdult
103,104,0,3,male,0,0,8.6542,S,Mr,1,YoungAdult
104,105,0,3,male,2,0,7.925,S,Mr,1,Adult
105,106,0,3,male,0,0,7.8958,S,Mr,1,YoungAdult
106,107,1,3,female,0,0,7.65,S,Miss,1,YoungAdult
107,108,1,3,male,0,0,7.775,S,Mr,1,Unknown
108,109,0,3,male,0,0,7.8958,S,Mr,1,Adult
109,110,1,3,female,1,0,24.15,Q,Miss,3,Unknown
110,111,0,1,male,0,0,52.0,S,Mr,2,Adult
111,112,0,3,female,1,0,14.4542,C,Miss,2,Teen
112,113,0,3,male,0,0,8.05,S,Mr,1,YoungAdult
113,114,0,3,female,1,0,9.825,S,Miss,1,YoungAdult
114,115,0,3,female,0,0,14.4583,C,Miss,2,Teen
115,116,0,3,male,0,0,7.925,S,Mr,1,YoungAdult
116,117,0,3,male,0,0,7.75,Q,Mr,1,Senior
117,118,0,2,male,1,0,21.0,S,Mr,2,YoungAdult
118,119,0,1,male,0,1,247.5208,C,Mr,2,YoungAdult
119,120,0,3,female,4,2,31.275,S,Miss,7,Child
120,121,0,2,male,2,0,73.5,S,Mr,5,YoungAdult
121,122,0,3,male,0,0,8.05,S,Mr,1,Unknown
122,123,0,2,male,1,0,30.0708,C,Mr,2,YoungAdult
123,124,1,2,female,0,0,13.0,S,Miss,1,YoungAdult
124,125,0,1,male,0,1,77.2875,S,Mr,2,Senior
125,126,1,3,male,1,0,11.2417,C,Master,2,Child
126,127,0,3,male,0,0,7.75,Q,Mr,1,Unknown
127,128,1,3,male,0,0,7.1417,S,Mr,1,YoungAdult
128,129,1,3,female,1,1,22.3583,C,Miss,2,Unknown
129,130,0,3,male,0,0,6.975,S,Mr,1,Adult
130,131,0,3,male,0,0,7.8958,C,Mr,1,YoungAdult
131,132,0,3,male,0,0,7.05,S,Mr,1,YoungAdult
132,133,0,3,female,1,0,14.5,S,Mrs,1,Adult
133,134,1,2,female,1,0,26.0,S,Mrs,1,YoungAdult
134,135,0,2,male,0,0,13.0,S,Mr,1,YoungAdult
135,136,0,2,male,0,0,15.0458,C,Mr,1,YoungAdult
136,137,1,1,female,0,2,26.2833,S,Miss,1,YoungAdult
137,138,0,1,male,1,0,53.1,S,Mr,2,Adult
138,139,0,3,male,0,0,9.2167,S,Mr,2,Teen
139,140,0,1,male,0,0,79.2,C,Mr,2,YoungAdult
140,141,0,3,female,0,2,15.2458,C,Mrs,2,Unknown
141,142,1,3,female,0,0,7.75,S,Miss,1,YoungAdult
142,143,1,3,female,1,0,15.85,S,Mrs,2,YoungAdult
143,144,0,3,male,0,0,6.75,Q,Mr,1,YoungAdult
144,145,0,2,male,0,0,11.5,S,Mr,1,Teen
145,146,0,2,male,1,1,36.75,S,Mr,2,YoungAdult
146,147,1,3,male,0,0,7.7958,S,Mr,1,YoungAdult
147,148,0,3,female,2,2,34.375,S,Miss,4,Child
148,149,0,2,male,0,2,26.0,S,Mr,3,Adult
149,150,0,2,male,0,0,13.0,S,Rev,1,Adult
150,151,0,2,male,0,0,12.525,S,Rev,1,Senior
151,152,1,1,female,1,0,66.6,S,Mrs,2,YoungAdult
152,153,0,3,male,0,0,8.05,S,Mr,1,Senior
153,154,0,3,male,0,2,14.5,S,Mr,1,Adult
154,155,0,3,male,0,0,7.3125,S,Mr,1,Unknown
155,156,0,1,male,0,1,61.3792,C,Mr,1,Senior
156,157,1,3,female,0,0,7.7333,Q,Miss,1,Teen
157,158,0,3,male,0,0,8.05,S,Mr,1,YoungAdult
158,159,0,3,male,0,0,8.6625,S,Mr,1,Unknown
159,160,0,3,male,8,2,69.55,S,Master,7,Unknown
160,161,0,3,male,0,1,16.1,S,Mr,1,Adult
161,162,1,2,female,0,0,15.75,S,Mrs,1,Adult
162,163,0,3,male,0,0,7.775,S,Mr,1,YoungAdult
163,164,0,3,male,0,0,8.6625,S,Mr,1,Teen
164,165,0,3,male,4,1,39.6875,S,Master,6,Child
165,166,1,3,male,0,2,20.525,S,Master,3,Child
166,167,1,1,female,0,1,55.0,S,Mrs,2,Unknown
167,168,0,3,female,1,4,27.9,S,Mrs,6,Adult
168,169,0,1,male,0,0,25.925,S,Mr,1,Unknown
169,170,0,3,male,0,0,56.4958,S,Mr,7,YoungAdult
170,171,0,1,male,0,0,33.5,S,Mr,1,Senior
171,172,0,3,male,4,1,29.125,Q,Master,5,Child
172,173,1,3,female,1,1,11.1333,S,Miss,3,Child
173,174,0,3,male,0,0,7.925,S,Mr,1,YoungAdult
174,175,0,1,male,0,0,30.6958,C,Mr,1,Senior
175,176,0,3,male,1,1,7.8542,S,Mr,1,Teen
176,177,0,3,male,3,1,25.4667,S,Master,4,Unknown
177,178,0,1,female,0,0,28.7125,C,Miss,1,Adult
178,179,0,2,male,0,0,13.0,S,Mr,1,YoungAdult
179,180,0,3,male,0,0,0.0,S,Mr,4,Adult
180,181,0,3,female,8,2,69.55,S,Miss,7,Unknown
181,182,0,2,male,0,0,15.05,C,Mr,1,Unknown
182,183,0,3,male,4,2,31.3875,S,Master,4,Child
183,184,1,2,male,2,1,39.0,S,Master,2,Child
184,185,1,3,female,0,2,22.025,S,Miss,1,Child
185,186,0,1,male,0,0,50.0,S,Mr,1,Unknown
186,187,1,3,female,1,0,15.5,Q,Mrs,2,Unknown
187,188,1,1,male,0,0,26.55,S,Mr,1,Adult
188,189,0,3,male,1,1,15.5,Q,Mr,2,Adult
189,190,0,3,male,0,0,7.8958,S,Mr,1,Adult
190,191,1,2,female,0,0,13.0,S,Mrs,1,YoungAdult
191,192,0,2,male,0,0,13.0,S,Mr,1,YoungAdult
192,193,1,3,female,1,0,7.8542,S,Miss,1,YoungAdult
193,194,1,2,male,1,1,26.0,S,Master,3,Child
194,195,1,1,female,0,0,27.7208,C,Mrs,1,Adult
195,196,1,1,female,0,0,146.5208,C,Miss,2,Senior
196,197,0,3,male,0,0,7.75,Q,Mr,1,Unknown
197,198,0,3,male,0,1,8.4042,S,Mr,1,Adult
198,199,1,3,female,0,0,7.75,Q,Miss,1,Unknown
199,200,0,2,female,0,0,13.0,S,Miss,1,YoungAdult
200,201,0,3,male,0,0,9.5,S,Mr,1,YoungAdult
201,202,0,3,male,8,2,69.55,S,Mr,7,Unknown
202,203,0,3,male,0,0,6.4958,S,Mr,1,YoungAdult
203,204,0,3,male,0,0,7.225,C,Mr,1,Adult
204,205,1,3,male,0,0,8.05,S,Mr,1,Teen
205,206,0,3,female,0,1,10.4625,S,Miss,2,Child
206,207,0,3,male,1,0,15.85,S,Mr,2,YoungAdult
207,208,1,3,male,0,0,18.7875,C,Mr,2,YoungAdult
208,209,1,3,female,0,0,7.75,Q,Miss,1,Teen
209,210,1,1,male,0,0,31.0,C,Mr,1,Adult
210,211,0,3,male,0,0,7.05,S,Mr,1,YoungAdult
211,212,1,2,female,0,0,21.0,S,Miss,1,YoungAdult
212,213,0,3,male,0,0,7.25,S,Mr,1,YoungAdult
213,214,0,2,male,0,0,13.0,S,Mr,1,YoungAdult
214,215,0,3,male,1,0,7.75,Q,Mr,1,Unknown
215,216,1,1,female,1,0,113.275,C,Miss,3,YoungAdult
216,217,1,3,female,0,0,7.925,S,Miss,1,YoungAdult
217,218,0,2,male,1,0,27.0,S,Mr,2,Adult
218,219,1,1,female,0,0,76.2917,C,Miss,1,YoungAdult
219,220,0,2,male,0,0,10.5,S,Mr,1,YoungAdult
220,221,1,3,male,0,0,8.05,S,Mr,1,Teen
221,222,0,2,male,0,0,13.0,S,Mr,1,YoungAdult
222,223,0,3,male,0,0,8.05,S,Mr,1,Senior
223,224,0,3,male,0,0,7.8958,S,Mr,1,Unknown
224,225,1,1,male,1,0,90.0,S,Mr,2,Adult
225,226,0,3,male,0,0,9.35,S,Mr,1,YoungAdult
226,227,1,2,male,0,0,10.5,S,Mr,1,YoungAdult
227,228,0,3,male,0,0,7.25,S,Mr,1,YoungAdult
228,229,0,2,male,0,0,13.0,S,Mr,1,Teen
229,230,0,3,female,3,1,25.4667,S,Miss,4,Unknown
230,231,1,1,female,1,0,83.475,S,Mrs,2,YoungAdult
231,232,0,3,male,0,0,7.775,S,Mr,1,YoungAdult
232,233,0,2,male,0,0,13.5,S,Mr,1,Senior
233,234,1,3,female,4,2,31.3875,S,Miss,4,Child
234,235,0,2,male,0,0,10.5,S,Mr,1,YoungAdult
235,236,0,3,female,0,0,7.55,S,Miss,1,Unknown
236,237,0,2,male,1,0,26.0,S,Mr,1,Adult
237,238,1,2,female,0,2,26.25,S,Miss,3,Child
238,239,0,2,male,0,0,10.5,S,Mr,1,YoungAdult
239,240,0,2,male,0,0,12.275,S,Mr,1,YoungAdult
240,241,0,3,female,1,0,14.4542,C,Miss,2,Unknown
241,242,1,3,female,1,0,15.5,Q,Miss,2,Unknown
242,243,0,2,male,0,0,10.5,S,Mr,1,YoungAdult
243,244,0,3,male,0,0,7.125,S,Mr,1,YoungAdult
244,245,0,3,male,0,0,7.225,C,Mr,1,YoungAdult
245,246,0,1,male,2,0,90.0,Q,Dr,2,Adult
246,247,0,3,female,0,0,7.775,S,Miss,1,YoungAdult
247,248,1,2,female,0,2,14.5,S,Mrs,2,YoungAdult
248,249,1,1,male,1,1,52.5542,S,Mr,2,Adult
249,250,0,2,male,1,0,26.0,S,Rev,2,Senior
250,251,0,3,male,0,0,7.25,S,Mr,1,Unknown
251,252,0,3,female,1,1,10.4625,S,Mrs,2,YoungAdult
252,253,0,1,male,0,0,26.55,S,Mr,1,Senior
253,254,0,3,male,1,0,16.1,S,Mr,2,YoungAdult
254,255,0,3,female,0,2,20.2125,S,Mrs,2,Adult
255,256,1,3,female,0,2,15.2458,C,Mrs,1,YoungAdult
256,257,1,1,female,0,0,79.2,C,Mrs,1,Unknown
257,258,1,1,female,0,0,86.5,S,Miss,3,YoungAdult
258,259,1,1,female,0,0,512.3292,C,Miss,3,YoungAdult
259,260,1,2,female,0,1,26.0,S,Mrs,2,Adult
260,261,0,3,male,0,0,7.75,Q,Mr,1,Unknown
261,262,1,3,male,4,2,31.3875,S,Master,4,Child
262,263,0,1,male,1,1,79.65,S,Mr,3,Senior
263,264,0,1,male,0,0,0.0,S,Mr,1,Adult
264,265,0,3,female,0,0,7.75,Q,Miss,1,Unknown
265,266,0,2,male,0,0,10.5,S,Mr,1,Adult
266,267,0,3,male,4,1,39.6875,S,Mr,6,Teen
267,268,1,3,male,1,0,7.775,S,Mr,1,YoungAdult
268,269,1,1,female,0,1,153.4625,S,Mrs,3,Senior
269,270,1,1,female,0,0,135.6333,S,Miss,3,YoungAdult
270,271,0,1,male,0,0,31.0,S,Mr,2,Unknown
271,272,1,3,male,0,0,0.0,S,Mr,4,YoungAdult
272,273,1,2,female,0,1,19.5,S,Mrs,2,Adult
273,274,0,1,male,0,1,29.7,C,Mr,1,Adult
274,275,1,3,female,0,0,7.75,Q,Miss,1,Unknown
275,276,1,1,female,1,0,77.9583,S,Miss,3,Senior
276,277,0,3,female,0,0,7.75,S,Miss,1,Adult
277,278,0,2,male,0,0,0.0,S,Mr,3,Unknown
278,279,0,3,male,4,1,29.125,Q,Master,5,Child
279,280,1,3,female,1,1,20.25,S,Mrs,2,YoungAdult
280,281,0,3,male,0,0,7.75,Q,Mr,1,Senior
281,282,0,3,male,0,0,7.8542,S,Mr,1,YoungAdult
282,283,0,3,male,0,0,9.5,S,Mr,1,Teen
283,284,1,3,male,0,0,8.05,S,Mr,1,YoungAdult
284,285,0,1,male,0,0,26.0,S,Mr,1,Unknown
285,286,0,3,male,0,0,8.6625,C,Mr,1,YoungAdult
286,287,1,3,male,0,0,9.5,S,Mr,1,YoungAdult
287,288,0,3,male,0,0,7.8958,S,Mr,1,YoungAdult
288,289,1,2,male,0,0,13.0,S,Mr,1,Adult
289,290,1,3,female,0,0,7.75,Q,Miss,1,YoungAdult
290,291,1,1,female,0,0,78.85,S,Miss,2,YoungAdult
291,292,1,1,female,1,0,91.0792,C,Mrs,2,YoungAdult
292,293,0,2,male,0,0,12.875,C,Mr,1,Adult
293,294,0,3,female,0,0,8.85,S,Miss,1,YoungAdult
294,295,0,3,male,0,0,7.8958,S,Mr,1,YoungAdult
295,296,0,1,male,0,0,27.7208,C,Mr,1,Unknown
296,297,0,3,male,0,0,7.2292,C,Mr,1,YoungAdult
297,298,0,1,female,1,2,151.55,S,Miss,4,Child
298,299,1,1,male,0,0,30.5,S,Mr,1,Unknown
299,300,1,1,female,0,1,247.5208,C,Mrs,2,Adult
300,301,1,3,female,0,0,7.75,Q,Miss,1,Unknown
301,302,1,3,male,2,0,23.25,Q,Mr,2,Unknown
302,303,0,3,male,0,0,0.0,S,Mr,4,YoungAdult
303,304,1,2,female,0,0,12.35,Q,Miss,1,Unknown
304,305,0,3,male,0,0,8.05,S,Mr,1,Unknown
305,306,1,1,male,1,2,151.55,S,Master,4,Child
306,307,1,1,female,0,0,110.8833,C,Miss,4,Unknown
307,308,1,1,female,1,0,108.9,C,Mrs,2,Teen
308,309,0,2,male,1,0,24.0,C,Mr,2,YoungAdult
309,310,1,1,female,0,0,56.9292,C,Miss,2,YoungAdult
310,311,1,1,female,0,0,83.1583,C,Miss,2,YoungAdult
311,312,1,1,female,2,2,262.375,C,Miss,2,Teen
312,313,0,2,female,1,1,26.0,S,Mrs,1,YoungAdult
313,314,0,3,male,0,0,7.8958,S,Mr,1,YoungAdult
314,315,0,2,male,1,1,26.25,S,Mr,3,Adult
315,316,1,3,female,0,0,7.8542,S,Miss,1,YoungAdult
316,317,1,2,female,1,0,26.0,S,Mrs,2,YoungAdult
317,318,0,2,male,0,0,14.0,S,Dr,1,Senior
318,319,1,1,female,0,2,164.8667,S,Miss,2,YoungAdult
319,320,1,1,female,1,1,134.5,C,Mrs,2,Adult
320,321,0,3,male,0,0,7.25,S,Mr,1,YoungAdult
321,322,0,3,male,0,0,7.8958,S,Mr,1,YoungAdult
322,323,1,2,female,0,0,12.35,Q,Miss,1,YoungAdult
323,324,1,2,female,1,1,29.0,S,Mrs,2,YoungAdult
324,325,0,3,male,8,2,69.55,S,Mr,7,Unknown
325,326,1,1,female,0,0,135.6333,C,Miss,3,Adult
326,327,0,3,male,0,0,6.2375,S,Mr,1,Senior
327,328,1,2,female,0,0,13.0,S,Mrs,1,Adult
328,329,1,3,female,1,1,20.525,S,Mrs,3,YoungAdult
329,330,1,1,female,0,1,57.9792,C,Miss,2,Teen
330,331,1,3,female,2,0,23.25,Q,Miss,2,Unknown
331,332,0,1,male,0,0,28.5,S,Mr,1,Adult
332,333,0,1,male,0,1,153.4625,S,Mr,3,Adult
333,334,0,3,male,2,0,18.0,S,Mr,2,Teen
334,335,1,1,female,1,0,133.65,S,Mrs,2,Unknown
335,336,0,3,male,0,0,7.8958,S,Mr,1,Unknown
336,337,0,1,male,1,0,66.6,S,Mr,2,YoungAdult
337,338,1,1,female,0,0,134.5,C,Miss,2,Adult
338,339,1,3,male,0,0,8.05,S,Mr,1,Adult
339,340,0,1,male,0,0,35.5,S,Mr,1,Adult
340,341,1,2,male,1,1,26.0,S,Master,3,Child
341,342,1,1,female,3,2,263.0,S,Miss,4,YoungAdult
342,343,0,2,male,0,0,13.0,S,Mr,1,YoungAdult
343,344,0,2,male,0,0,13.0,S,Mr,1,YoungAdult
344,345,0,2,male,0,0,13.0,S,Mr,1,Adult
345,346,1,2,female,0,0,13.0,S,Miss,1,YoungAdult
346,347,1,2,female,0,0,13.0,S,Miss,1,Adult
347,348,1,3,female,1,0,16.1,S,Mrs,1,Unknown
348,349,1,3,male,1,1,15.9,S,Master,2,Child
349,350,0,3,male,0,0,8.6625,S,Mr,1,Adult
350,351,0,3,male,0,0,9.225,S,Mr,1,YoungAdult
351,352,0,1,male,0,0,35.0,S,Mr,1,Unknown
352,353,0,3,male,1,1,7.2292,C,Mr,1,Teen
353,354,0,3,male,1,0,17.8,S,Mr,2,YoungAdult
354,355,0,3,male,0,0,7.225,C,Mr,1,Unknown
355,356,0,3,male,0,0,9.5,S,Mr,1,YoungAdult
356,357,1,1,female,0,1,55.0,S,Miss,2,YoungAdult
357,358,0,2,female,0,0,13.0,S,Miss,1,Adult
358,359,1,3,female,0,0,7.8792,Q,Miss,1,Unknown
359,360,1,3,female,0,0,7.8792,Q,Miss,1,Unknown
360,361,0,3,male,1,4,27.9,S,Mr,6,Adult
361,362,0,2,male,1,0,27.7208,C,Mr,1,YoungAdult
362,363,0,3,female,0,1,14.4542,C,Mrs,2,Adult
363,364,0,3,male,0,0,7.05,S,Mr,1,YoungAdult
364,365,0,3,male,1,0,15.5,Q,Mr,2,Unknown
365,366,0,3,male,0,0,7.25,S,Mr,1,YoungAdult
366,367,1,1,female,1,0,75.25,C,Mrs,1,Senior
367,368,1,3,female,0,0,7.2292,C,Mrs,1,Unknown
368,369,1,3,female,0,0,7.75,Q,Miss,1,Unknown
369,370,1,1,female,0,0,69.3,C,Mme,2,YoungAdult
370,371,1,1,male,1,0,55.4417,C,Mr,1,YoungAdult
371,372,0,3,male,1,0,6.4958,S,Mr,1,Teen
372,373,0,3,male,0,0,8.05,S,Mr,1,YoungAdult
373,374,0,1,male,0,0,135.6333,C,Mr,3,YoungAdult
374,375,0,3,female,3,1,21.075,S,Miss,4,Child
375,376,1,1,female,1,0,82.1708,C,Mrs,2,Unknown
376,377,1,3,female,0,0,7.25,S,Miss,1,YoungAdult
377,378,0,1,male,0,2,211.5,C,Mr,1,YoungAdult
378,379,0,3,male,0,0,4.0125,C,Mr,1,YoungAdult
379,380,0,3,male,0,0,7.775,S,Mr,1,YoungAdult
380,381,1,1,female,0,0,227.525,C,Miss,4,Adult
381,382,1,3,female,0,2,15.7417,C,Miss,2,Child
382,383,0,3,male,0,0,7.925,S,Mr,1,YoungAdult
383,384,1,1,female,1,0,52.0,S,Mrs,2,YoungAdult
384,385,0,3,male,0,0,7.8958,S,Mr,1,Unknown
385,386,0,2,male,0,0,73.5,S,Mr,5,Teen
386,387,0,3,male,5,2,46.9,S,Master,6,Child
387,388,1,2,female,0,0,13.0,S,Miss,1,Adult
388,389,0,3,male,0,0,7.7292,Q,Mr,1,Unknown
389,390,1,2,female,0,0,12.0,C,Miss,1,Teen
390,391,1,1,male,1,2,120.0,S,Mr,4,Adult
391,392,1,3,male,0,0,7.7958,S,Mr,1,YoungAdult
392,393,0,3,male,2,0,7.925,S,Mr,1,YoungAdult
393,394,1,1,female,1,0,113.275,C,Miss,3,YoungAdult
394,395,1,3,female,0,2,16.7,S,Mrs,2,YoungAdult
395,396,0,3,male,0,0,7.7958,S,Mr,1,YoungAdult
396,397,0,3,female,0,0,7.8542,S,Miss,1,YoungAdult
397,398,0,2,male,0,0,26.0,S,Mr,2,Adult
398,399,0,2,male,0,0,10.5,S,Dr,1,YoungAdult
399,400,1,2,female,0,0,12.65,S,Mrs,1,YoungAdult
400,401,1,3,male,0,0,7.925,S,Mr,1,Adult
401,402,0,3,male,0,0,8.05,S,Mr,1,YoungAdult
402,403,0,3,female,1,0,9.825,S,Miss,1,YoungAdult
403,404,0,3,male,1,0,15.85,S,Mr,2,YoungAdult
404,405,0,3,female,0,0,8.6625,S,Miss,1,YoungAdult
405,406,0,2,male,1,0,21.0,S,Mr,1,YoungAdult
406,407,0,3,male,0,0,7.75,S,Mr,1,Senior
407,408,1,2,male,1,1,18.75,S,Master,3,Child
408,409,0,3,male,0,0,7.775,S,Mr,1,YoungAdult
409,410,0,3,female,3,1,25.4667,S,Miss,4,Unknown
410,411,0,3,male,0,0,7.8958,S,Mr,1,Unknown
411,412,0,3,male,0,0,6.8583,Q,Mr,1,Unknown
412,413,1,1,female,1,0,90.0,Q,Miss,2,YoungAdult
413,414,0,2,male,0,0,0.0,S,Mr,3,Unknown
414,415,1,3,male,0,0,7.925,S,Mr,1,Adult
415,416,0,3,female,0,0,8.05,S,Mrs,1,Unknown
416,417,1,2,female,1,1,32.5,S,Mrs,1,YoungAdult
417,418,1,2,female,0,2,13.0,S,Miss,1,Teen
418,419,0,2,male,0,0,13.0,S,Mr,1,YoungAdult
419,420,0,3,female,0,2,24.15,S,Miss,3,Child
420,421,0,3,male,0,0,7.8958,C,Mr,1,Unknown
421,422,0,3,male,0,0,7.7333,Q,Mr,1,YoungAdult
422,423,0,3,male,0,0,7.875,S,Mr,1,YoungAdult
423,424,0,3,female,1,1,14.4,S,Mrs,2,YoungAdult
424,425,0,3,male,1,1,20.2125,S,Mr,2,Teen
425,426,0,3,male,0,0,7.25,S,Mr,1,Unknown
426,427,1,2,female,1,0,26.0,S,Mrs,1,YoungAdult
427,428,1,2,female,0,0,26.0,S,Miss,2,YoungAdult
428,429,0,3,male,0,0,7.75,Q,Mr,1,Unknown
429,430,1,3,male,0,0,8.05,S,Mr,1,YoungAdult
430,431,1,1,male,0,0,26.55,S,Mr,1,YoungAdult
431,432,1,3,female,1,0,16.1,S,Mrs,2,Unknown
432,433,1,2,female,1,0,26.0,S,Mrs,1,Adult
433,434,0,3,male,0,0,7.125,S,Mr,1,Teen
434,435,0,1,male,1,0,55.9,S,Mr,2,Adult
435,436,1,1,female,1,2,120.0,S,Miss,4,Teen
436,437,0,3,female,2,2,34.375,S,Miss,4,YoungAdult
437,438,1,2,female,2,3,18.75,S,Mrs,3,YoungAdult
438,439,0,1,male,1,4,263.0,S,Mr,4,Senior
439,440,0,2,male,0,0,10.5,S,Mr,1,YoungAdult
440,441,1,2,female,1,1,26.25,S,Mrs,3,Adult
441,442,0,3,male,0,0,9.5,S,Mr,1,YoungAdult
442,443,0,3,male,1,0,7.775,S,Mr,1,YoungAdult
443,444,1,2,female,0,0,13.0,S,Ms,1,YoungAdult
444,445,1,3,male,0,0,8.1125,S,Mr,1,Unknown
445,446,1,1,male,0,2,81.8583,S,Master,1,Child
446,447,1,2,female,0,1,19.5,S,Miss,2,Teen
447,448,1,1,male,0,0,26.55,S,Mr,1,YoungAdult
448,449,1,3,female,2,1,19.2583,C,Miss,4,Child
449,450,1,1,male,0,0,30.5,S,Major,1,Senior
450,451,0,2,male,1,2,27.75,S,Mr,3,Adult
451,452,0,3,male,1,0,19.9667,S,Mr,1,Unknown
452,453,0,1,male,0,0,27.75,C,Mr,1,YoungAdult
453,454,1,1,male,1,0,89.1042,C,Mr,2,Adult
454,455,0,3,male,0,0,8.05,S,Mr,1,Unknown
455,456,1,3,male,0,0,7.8958,C,Mr,1,YoungAdult
456,457,0,1,male,0,0,26.55,S,Mr,1,Senior
457,458,1,1,female,1,0,51.8625,S,Mrs,1,Unknown
458,459,1,2,female,0,0,10.5,S,Miss,1,Adult
459,460,0,3,male,0,0,7.75,Q,Mr,1,Unknown
460,461,1,1,male,0,0,26.55,S,Mr,1,Adult
461,462,0,3,male,0,0,8.05,S,Mr,1,YoungAdult
462,463,0,1,male,0,0,38.5,S,Mr,1,Adult
463,464,0,2,male,0,0,13.0,S,Mr,1,Adult
464,465,0,3,male,0,0,8.05,S,Mr,1,Unknown
465,466,0,3,male,0,0,7.05,S,Mr,1,Adult
466,467,0,2,male,0,0,0.0,S,Mr,3,Unknown
467,468,0,1,male,0,0,26.55,S,Mr,1,Senior
468,469,0,3,male,0,0,7.725,Q,Mr,1,Unknown
469,470,1,3,female,2,1,19.2583,C,Miss,4,Child
470,471,0,3,male,0,0,7.25,S,Mr,1,Unknown
471,472,0,3,male,0,0,8.6625,S,Mr,1,Adult
472,473,1,2,female,1,2,27.75,S,Mrs,3,YoungAdult
473,474,1,2,female,0,0,13.7917,C,Mrs,1,YoungAdult
474,475,0,3,female,0,0,9.8375,S,Miss,1,YoungAdult
475,476,0,1,male,0,0,52.0,S,Mr,2,Unknown
476,477,0,2,male,1,0,21.0,S,Mr,2,YoungAdult
477,478,0,3,male,1,0,7.0458,S,Mr,1,YoungAdult
478,479,0,3,male,0,0,7.5208,S,Mr,1,YoungAdult
479,480,1,3,female,0,1,12.2875,S,Miss,1,Child
480,481,0,3,male,5,2,46.9,S,Master,6,Child
481,482,0,2,male,0,0,0.0,S,Mr,1,Unknown
482,483,0,3,male,0,0,8.05,S,Mr,1,Adult
483,484,1,3,female,0,0,9.5875,S,Mrs,1,Senior
484,485,1,1,male,1,0,91.0792,C,Mr,2,YoungAdult
485,486,0,3,female,3,1,25.4667,S,Miss,4,Unknown
486,487,1,1,female,1,0,90.0,S,Mrs,2,YoungAdult
487,488,0,1,male,0,0,29.7,C,Mr,1,Senior
488,489,0,3,male,0,0,8.05,S,Mr,1,YoungAdult
489,490,1,3,male,1,1,15.9,S,Master,2,Child
490,491,0,3,male,1,0,19.9667,S,Mr,1,Unknown
491,492,0,3,male,0,0,7.25,S,Mr,1,YoungAdult
492,493,0,1,male,0,0,30.5,S,Mr,1,Senior
493,494,0,1,male,0,0,49.5042,C,Mr,1,Senior
494,495,0,3,male,0,0,8.05,S,Mr,1,YoungAdult
495,496,0,3,male,0,0,14.4583,C,Mr,2,Unknown
496,497,1,1,female,1,0,78.2667,C,Miss,2,Senior
497,498,0,3,male,0,0,15.1,S,Mr,1,Unknown
498,499,0,1,female,1,2,151.55,S,Mrs,4,YoungAdult
499,500,0,3,male,0,0,7.7958,S,Mr,1,YoungAdult
500,501,0,3,male,0,0,8.6625,S,Mr,1,Teen
501,502,0,3,female,0,0,7.75,Q,Miss,1,YoungAdult
502,503,0,3,female,0,0,7.6292,Q,Miss,1,Unknown
503,504,0,3,female,0,0,9.5875,S,Miss,1,Adult
504,505,1,1,female,0,0,86.5,S,Miss,3,Teen
505,506,0,1,male,1,0,108.9,C,Mr,2,Teen
506,507,1,2,female,0,2,26.0,S,Mrs,2,YoungAdult
507,508,1,1,male,0,0,26.55,S,Mr,1,Unknown
508,509,0,3,male,0,0,22.525,S,Mr,1,YoungAdult
509,510,1,3,male,0,0,56.4958,S,Mr,7,YoungAdult
510,511,1,3,male,0,0,7.75,Q,Mr,1,YoungAdult
511,512,0,3,male,0,0,8.05,S,Mr,1,Unknown
512,513,1,1,male,0,0,26.2875,S,Mr,1,Adult
513,514,1,1,female,1,0,59.4,C,Mrs,1,Senior
514,515,0,3,male,0,0,7.4958,S,Mr,1,YoungAdult
515,516,0,1,male,0,0,34.0208,S,Mr,1,Adult
516,517,1,2,female,0,0,10.5,S,Mrs,1,YoungAdult
517,518,0,3,male,0,0,24.15,Q,Mr,3,Unknown
518,519,1,2,female,1,0,26.0,S,Mrs,1,Adult
519,520,0,3,male,0,0,7.8958,S,Mr,1,YoungAdult
520,521,1,1,female,0,0,93.5,S,Miss,2,YoungAdult
521,522,0,3,male,0,0,7.8958,S,Mr,1,YoungAdult
522,523,0,3,male,0,0,7.225,C,Mr,1,Unknown
523,524,1,1,female,0,1,57.9792,C,Mrs,2,Adult
524,525,0,3,male,0,0,7.2292,C,Mr,1,Unknown
525,526,0,3,male,0,0,7.75,Q,Mr,1,Adult
526,527,1,2,female,0,0,10.5,S,Miss,1,Adult
527,528,0,1,male,0,0,221.7792,S,Mr,1,Unknown
528,529,0,3,male,0,0,7.925,S,Mr,1,Adult
529,530,0,2,male,2,1,11.5,S,Mr,1,YoungAdult
530,531,1,2,female,1,1,26.0,S,Miss,2,Child
531,532,0,3,male,0,0,7.2292,C,Mr,1,Unknown
532,533,0,3,male,1,1,7.2292,C,Mr,1,Teen
533,534,1,3,female,0,2,22.3583,C,Mrs,2,Unknown
534,535,0,3,female,0,0,8.6625,S,Miss,1,YoungAdult
535,536,1,2,female,0,2,26.25,S,Miss,3,Child
536,537,0,1,male,0,0,26.55,S,Major,1,Adult
537,538,1,1,female,0,0,106.425,C,Miss,2,YoungAdult
538,539,0,3,male,0,0,14.5,S,Mr,1,Unknown
539,540,1,1,female,0,2,49.5,C,Miss,1,YoungAdult
540,541,1,1,female,0,2,71.0,S,Miss,2,Adult
541,542,0,3,female,4,2,31.275,S,Miss,7,Child
542,543,0,3,female,4,2,31.275,S,Miss,7,Child
543,544,1,2,male,1,0,26.0,S,Mr,2,YoungAdult
544,545,0,1,male,1,0,106.425,C,Mr,2,Adult
545,546,0,1,male,0,0,26.0,S,Mr,1,Senior
546,547,1,2,female,1,0,26.0,S,Mrs,2,YoungAdult
547,548,1,2,male,0,0,13.8625,C,Mr,1,Unknown
548,549,0,3,male,1,1,20.525,S,Mr,3,YoungAdult
549,550,1,2,male,1,1,36.75,S,Master,2,Child
550,551,1,1,male,0,2,110.8833,C,Mr,4,Teen
551,552,0,2,male,0,0,26.0,S,Mr,1,YoungAdult
552,553,0,3,male,0,0,7.8292,Q,Mr,1,Unknown
553,554,1,3,male,0,0,7.225,C,Mr,1,YoungAdult
554,555,1,3,female,0,0,7.775,S,Miss,1,YoungAdult
555,556,0,1,male,0,0,26.55,S,Mr,1,Senior
556,557,1,1,female,1,0,39.6,C,Lady,1,Adult
557,558,0,1,male,0,0,227.525,C,Mr,4,Unknown
558,559,1,1,female,1,1,79.65,S,Mrs,3,Adult
559,560,1,3,female,1,0,17.4,S,Mrs,1,Adult
560,561,0,3,male,0,0,7.75,Q,Mr,1,Unknown
561,562,0,3,male,0,0,7.8958,S,Mr,1,Adult
562,563,0,2,male,0,0,13.5,S,Mr,1,YoungAdult
563,564,0,3,male,0,0,8.05,S,Mr,1,Unknown
564,565,0,3,female,0,0,8.05,S,Miss,1,Unknown
565,566,0,3,male,2,0,24.15,S,Mr,2,YoungAdult
566,567,0,3,male,0,0,7.8958,S,Mr,1,YoungAdult
567,568,0,3,female,0,4,21.075,S,Mrs,4,YoungAdult
568,569,0,3,male,0,0,7.2292,C,Mr,1,Unknown
569,570,1,3,male,0,0,7.8542,S,Mr,1,YoungAdult
570,571,1,2,male,0,0,10.5,S,Mr,1,Senior
571,572,1,1,female,2,0,51.4792,S,Mrs,1,Senior
572,573,1,1,male,0,0,26.3875,S,Mr,1,Adult
573,574,1,3,female,0,0,7.75,Q,Miss,1,Unknown
574,575,0,3,male,0,0,8.05,S,Mr,1,Teen
575,576,0,3,male,0,0,14.5,S,Mr,2,YoungAdult
576,577,1,2,female,0,0,13.0,S,Miss,1,YoungAdult
577,578,1,1,female,1,0,55.9,S,Mrs,2,Adult
578,579,0,3,female,1,0,14.4583,C,Mrs,1,Unknown
579,580,1,3,male,0,0,7.925,S,Mr,1,YoungAdult
580,581,1,2,female,1,1,30.0,S,Miss,1,YoungAdult
581,582,1,1,female,1,1,110.8833,C,Mrs,4,Adult
582,583,0,2,male,0,0,26.0,S,Mr,2,Senior
583,584,0,1,male,0,0,40.125,C,Mr,1,Adult
584,585,0,3,male,0,0,8.7125,C,Mr,1,Unknown
585,586,1,1,female,0,2,79.65,S,Miss,3,Teen
586,587,0,2,male,0,0,15.0,S,Mr,1,Adult
587,588,1,1,male,1,1,79.2,C,Mr,1,Senior
588,589,0,3,male,0,0,8.05,S,Mr,1,YoungAdult
589,590,0,3,male,0,0,8.05,S,Mr,1,Unknown
590,591,0,3,male,0,0,7.125,S,Mr,1,YoungAdult
591,592,1,1,female,1,0,78.2667,C,Mrs,2,Senior
592,593,0,3,male,0,0,7.25,S,Mr,1,Adult
593,594,0,3,female,0,2,7.75,Q,Miss,1,Unknown
594,595,0,2,male,1,0,26.0,S,Mr,1,Adult
595,596,0,3,male,1,1,24.15,S,Mr,3,Adult
596,597,1,2,female,0,0,33.0,S,Miss,3,Unknown
597,598,0,3,male,0,0,0.0,S,Mr,4,Adult
598,599,0,3,male,0,0,7.225,C,Mr,1,Unknown
599,600,1,1,male,1,0,56.9292,C,Sir,2,Adult
600,601,1,2,female,2,1,27.0,S,Mrs,2,YoungAdult
601,602,0,3,male,0,0,7.8958,S,Mr,1,Unknown
602,603,0,1,male,0,0,42.4,S,Mr,1,Unknown
603,604,0,3,male,0,0,8.05,S,Mr,1,Adult
604,605,1,1,male,0,0,26.55,C,Mr,1,YoungAdult
605,606,0,3,male,1,0,15.55,S,Mr,1,Adult
606,607,0,3,male,0,0,7.8958,S,Mr,1,YoungAdult
607,608,1,1,male,0,0,30.5,S,Mr,1,YoungAdult
608,609,1,2,female,1,2,41.5792,C,Mrs,3,YoungAdult
609,610,1,1,female,0,0,153.4625,S,Miss,3,Adult
610,611,0,3,female,1,5,31.275,S,Mrs,7,Adult
611,612,0,3,male,0,0,7.05,S,Mr,1,Unknown
612,613,1,3,female,1,0,15.5,Q,Miss,2,Unknown
613,614,0,3,male,0,0,7.75,Q,Mr,1,Unknown
614,615,0,3,male,0,0,8.05,S,Mr,1,YoungAdult
615,616,1,2,female,1,2,65.0,S,Miss,2,YoungAdult
616,617,0,3,male,1,1,14.4,S,Mr,2,YoungAdult
617,618,0,3,female,1,0,16.1,S,Mrs,2,YoungAdult
618,619,1,2,female,2,1,39.0,S,Miss,2,Child
619,620,0,2,male,0,0,10.5,S,Mr,1,YoungAdult
620,621,0,3,male,1,0,14.4542,C,Mr,2,YoungAdult
621,622,1,1,male,1,0,52.5542,S,Mr,1,Adult
622,623,1,3,male,1,1,15.7417,C,Mr,2,YoungAdult
623,624,0,3,male,0,0,7.8542,S,Mr,1,YoungAdult
624,625,0,3,male,0,0,16.1,S,Mr,2,YoungAdult
625,626,0,1,male,0,0,32.3208,S,Mr,1,Senior
626,627,0,2,male,0,0,12.35,Q,Rev,1,Senior
627,628,1,1,female,0,0,77.9583,S,Miss,3,YoungAdult
628,629,0,3,male,0,0,7.8958,S,Mr,1,YoungAdult
629,630,0,3,male,0,0,7.7333,Q,Mr,1,Unknown
630,631,1,1,male,0,0,30.0,S,Mr,1,Senior
631,632,0,3,male,0,0,7.0542,S,Mr,1,Senior
632,633,1,1,male,0,0,30.5,C,Dr,1,YoungAdult
633,634,0,1,male,0,0,0.0,S,Mr,1,Unknown
634,635,0,3,female,3,2,27.9,S,Miss,6,Child
635,636,1,2,female,0,0,13.0,S,Miss,1,YoungAdult
636,637,0,3,male,0,0,7.925,S,Mr,1,YoungAdult
637,638,0,2,male,1,1,26.25,S,Mr,3,YoungAdult
638,639,0,3,female,0,5,39.6875,S,Mrs,6,Adult
639,640,0,3,male,1,0,16.1,S,Mr,2,Unknown
640,641,0,3,male,0,0,7.8542,S,Mr,1,YoungAdult
641,642,1,1,female,0,0,69.3,C,Mlle,2,YoungAdult
642,643,0,3,female,3,2,27.9,S,Miss,6,Child
643,644,1,3,male,0,0,56.4958,S,Mr,7,Unknown
644,645,1,3,female,2,1,19.2583,C,Miss,4,Child
645,646,1,1,male,1,0,76.7292,C,Mr,3,Adult
646,647,0,3,male,0,0,7.8958,S,Mr,1,YoungAdult
647,648,1,1,male,0,0,35.5,C,Col,1,Senior
648,649,0,3,male,0,0,7.55,S,Mr,1,Unknown
649,650,1,3,female,0,0,7.55,S,Miss,1,YoungAdult
650,651,0,3,male,0,0,7.8958,S,Mr,1,Unknown
651,652,1,2,female,0,1,23.0,S,Miss,2,Teen
652,653,0,3,male,0,0,8.4333,S,Mr,1,YoungAdult
653,654,1,3,female,0,0,7.8292,Q,Miss,1,Unknown
654,655,0,3,female,0,0,6.75,Q,Miss,1,Teen
655,656,0,2,male,2,0,73.5,S,Mr,5,YoungAdult
656,657,0,3,male,0,0,7.8958,S,Mr,1,Unknown
657,658,0,3,female,1,1,15.5,Q,Mrs,2,YoungAdult
658,659,0,2,male,0,0,13.0,S,Mr,1,YoungAdult
659,660,0,1,male,0,2,113.275,C,Mr,3,Senior
660,661,1,1,male,2,0,133.65,S,Dr,2,Adult
661,662,0,3,male,0,0,7.225,C,Mr,1,Adult
662,663,0,1,male,0,0,25.5875,S,Mr,1,Adult
663,664,0,3,male,0,0,7.4958,S,Mr,1,Adult
664,665,1,3,male,1,0,7.925,S,Mr,1,YoungAdult
665,666,0,2,male,2,0,73.5,S,Mr,5,YoungAdult
666,667,0,2,male,0,0,13.0,S,Mr,1,YoungAdult
667,668,0,3,male,0,0,7.775,S,Mr,1,Unknown
668,669,0,3,male,0,0,8.05,S,Mr,1,Adult
669,670,1,1,female,1,0,52.0,S,Mrs,2,Unknown
670,671,1,2,female,1,1,39.0,S,Mrs,2,Adult
671,672,0,1,male,1,0,52.0,S,Mr,1,YoungAdult
672,673,0,2,male,0,0,10.5,S,Mr,1,Senior
673,674,1,2,male,0,0,13.0,S,Mr,1,YoungAdult
674,675,0,2,male,0,0,0.0,S,Mr,1,Unknown
675,676,0,3,male,0,0,7.775,S,Mr,1,Teen
676,677,0,3,male,0,0,8.05,S,Mr,1,YoungAdult
677,678,1,3,female,0,0,9.8417,S,Miss,1,Teen
678,679,0,3,female,1,6,46.9,S,Mrs,6,Adult
679,680,1,1,male,0,1,512.3292,C,Mr,3,Adult
680,681,0,3,female,0,0,8.1375,Q,Miss,1,Unknown
681,682,1,1,male,0,0,76.7292,C,Mr,3,YoungAdult
682,683,0,3,male,0,0,9.225,S,Mr,1,YoungAdult
683,684,0,3,male,5,2,46.9,S,Mr,6,Teen
684,685,0,2,male,1,1,39.0,S,Mr,2,Senior
685,686,0,2,male,1,2,41.5792,C,Mr,3,YoungAdult
686,687,0,3,male,4,1,39.6875,S,Mr,6,Teen
687,688,0,3,male,0,0,10.1708,S,Mr,1,YoungAdult
688,689,0,3,male,0,0,7.7958,S,Mr,1,Teen
689,690,1,1,female,0,1,211.3375,S,Miss,3,Teen
690,691,1,1,male,1,0,57.0,S,Mr,2,YoungAdult
691,692,1,3,female,0,1,13.4167,C,Miss,1,Child
692,693,1,3,male,0,0,56.4958,S,Mr,7,Unknown
693,694,0,3,male,0,0,7.225,C,Mr,1,YoungAdult
694,695,0,1,male,0,0,26.55,S,Col,1,Senior
695,696,0,2,male,0,0,13.5,S,Mr,1,Senior
696,697,0,3,male,0,0,8.05,S,Mr,1,Adult
697,698,1,3,female,0,0,7.7333,Q,Miss,1,Unknown
698,699,0,1,male,1,1,110.8833,C,Mr,4,Adult
699,700,0,3,male,0,0,7.65,S,Mr,1,Adult
700,701,1,1,female,1,0,227.525,C,Mrs,4,Teen
701,702,1,1,male,0,0,26.2875,S,Mr,1,YoungAdult
702,703,0,3,female,0,1,14.4542,C,Miss,2,Teen
703,704,0,3,male,0,0,7.7417,Q,Mr,1,YoungAdult
704,705,0,3,male,1,0,7.8542,S,Mr,1,YoungAdult
705,706,0,2,male,0,0,26.0,S,Mr,2,Adult
706,707,1,2,female,0,0,13.5,S,Mrs,1,Adult
707,708,1,1,male,0,0,26.2875,S,Mr,1,Adult
708,709,1,1,female,0,0,151.55,S,Miss,4,YoungAdult
709,710,1,3,male,1,1,15.2458,C,Master,2,Unknown
710,711,1,1,female,0,0,49.5042,C,Mlle,1,YoungAdult
711,712,0,1,male,0,0,26.55,S,Mr,1,Unknown
712,713,1,1,male,1,0,52.0,S,Mr,2,Adult
713,714,0,3,male,0,0,9.4833,S,Mr,1,YoungAdult
714,715,0,2,male,0,0,13.0,S,Mr,2,Senior
715,716,0,3,male,0,0,7.65,S,Mr,1,YoungAdult
716,717,1,1,female,0,0,227.525,C,Miss,4,Adult
717,718,1,2,female,0,0,10.5,S,Miss,1,YoungAdult
718,719,0,3,male,0,0,15.5,Q,Mr,1,Unknown
719,720,0,3,male,0,0,7.775,S,Mr,1,YoungAdult
720,721,1,2,female,0,1,33.0,S,Miss,3,Child
721,722,0,3,male,1,0,7.0542,S,Mr,1,Teen
722,723,0,2,male,0,0,13.0,S,Mr,1,YoungAdult
723,724,0,2,male,0,0,13.0,S,Mr,1,Adult
724,725,1,1,male,1,0,53.1,S,Mr,2,YoungAdult
725,726,0,3,male,0,0,8.6625,S,Mr,1,YoungAdult
726,727,1,2,female,3,0,21.0,S,Mrs,2,YoungAdult
727,728,1,3,female,0,0,7.7375,Q,Miss,1,Unknown
728,729,0,2,male,1,0,26.0,S,Mr,1,YoungAdult
729,730,0,3,female,1,0,7.925,S,Miss,1,YoungAdult
730,731,1,1,female,0,0,211.3375,S,Miss,3,YoungAdult
731,732,0,3,male,0,0,18.7875,C,Mr,2,Child
732,733,0,2,male,0,0,0.0,S,Mr,1,Unknown
733,734,0,2,male,0,0,13.0,S,Mr,1,YoungAdult
734,735,0,2,male,0,0,13.0,S,Mr,1,YoungAdult
735,736,0,3,male,0,0,16.1,S,Mr,2,YoungAdult
736,737,0,3,female,1,3,34.375,S,Mrs,4,Adult
737,738,1,1,male,0,0,512.3292,C,Mr,3,YoungAdult
738,739,0,3,male,0,0,7.8958,S,Mr,1,Unknown
739,740,0,3,male,0,0,7.8958,S,Mr,1,Unknown
740,741,1,1,male,0,0,30.0,S,Mr,1,Unknown
741,742,0,1,male,1,0,78.85,S,Mr,2,Adult
742,743,1,1,female,2,2,262.375,C,Miss,2,YoungAdult
743,744,0,3,male,1,0,16.1,S,Mr,1,YoungAdult
744,745,1,3,male,0,0,7.925,S,Mr,1,YoungAdult
745,746,0,1,male,1,1,71.0,S,Capt,2,Senior
746,747,0,3,male,1,1,20.25,S,Mr,2,Teen
747,748,1,2,female,0,0,13.0,S,Miss,1,YoungAdult
748,749,0,1,male,1,0,53.1,S,Mr,1,YoungAdult
749,750,0,3,male,0,0,7.75,Q,Mr,1,YoungAdult
750,751,1,2,female,1,1,23.0,S,Miss,1,Child
751,752,1,3,male,0,1,12.475,S,Master,2,Child
752,753,0,3,male,0,0,9.5,S,Mr,1,YoungAdult
753,754,0,3,male,0,0,7.8958,S,Mr,1,YoungAdult
754,755,1,2,female,1,2,65.0,S,Mrs,2,Adult
755,756,1,2,male,1,1,14.5,S,Master,2,Child
756,757,0,3,male,0,0,7.7958,S,Mr,1,YoungAdult
757,758,0,2,male,0,0,11.5,S,Mr,1,Teen
758,759,0,3,male,0,0,8.05,S,Mr,1,YoungAdult
759,760,1,1,female,0,0,86.5,S,the Countess,3,YoungAdult
760,761,0,3,male,0,0,14.5,S,Mr,2,Unknown
761,762,0,3,male,0,0,7.125,S,Mr,1,Adult
762,763,1,3,male,0,0,7.2292,C,Mr,1,YoungAdult
763,764,1,1,female,1,2,120.0,S,Mrs,4,Adult
764,765,0,3,male,0,0,7.775,S,Mr,1,Teen
765,766,1,1,female,1,0,77.9583,S,Mrs,3,Senior
766,767,0,1,male,0,0,39.6,C,Dr,1,Unknown
767,768,0,3,female,0,0,7.75,Q,Miss,1,YoungAdult
768,769,0,3,male,1,0,24.15,Q,Mr,3,Unknown
769,770,0,3,male,0,0,8.3625,S,Mr,1,YoungAdult
770,771,0,3,male,0,0,9.5,S,Mr,1,YoungAdult
771,772,0,3,male,0,0,7.8542,S,Mr,1,Adult
772,773,0,2,female,0,0,10.5,S,Mrs,2,Senior
773,774,0,3,male,0,0,7.225,C,Mr,1,Unknown
774,775,1,2,female,1,3,23.0,S,Mrs,1,Senior
775,776,0,3,male,0,0,7.75,S,Mr,1,Teen
776,777,0,3,male,0,0,7.75,Q,Mr,1,Unknown
777,778,1,3,female,0,0,12.475,S,Miss,2,Child
778,779,0,3,male,0,0,7.7375,Q,Mr,1,Unknown
779,780,1,1,female,0,1,211.3375,S,Mrs,3,Adult
780,781,1,3,female,0,0,7.2292,C,Miss,1,Teen
781,782,1,1,female,1,0,57.0,S,Mrs,2,Teen
782,783,0,1,male,0,0,30.0,S,Mr,1,YoungAdult
783,784,0,3,male,1,2,23.45,S,Mr,2,Unknown
784,785,0,3,male,0,0,7.05,S,Mr,1,YoungAdult
785,786,0,3,male,0,0,7.25,S,Mr,1,YoungAdult
786,787,1,3,female,0,0,7.4958,S,Miss,1,Teen
787,788,0,3,male,4,1,29.125,Q,Master,5,Child
788,789,1,3,male,1,2,20.575,S,Master,2,Child
789,790,0,1,male,0,0,79.2,C,Mr,2,Adult
790,791,0,3,male,0,0,7.75,Q,Mr,1,Unknown
791,792,0,2,male,0,0,26.0,S,Mr,2,Teen
792,793,0,3,female,8,2,69.55,S,Miss,7,Unknown
793,794,0,1,male,0,0,30.6958,C,Mr,1,Unknown
794,795,0,3,male,0,0,7.8958,S,Mr,1,YoungAdult
795,796,0,2,male,0,0,13.0,S,Mr,1,Adult
796,797,1,1,female,0,0,25.9292,S,Dr,1,Adult
797,798,1,3,female,0,0,8.6833,S,Mrs,1,YoungAdult
798,799,0,3,male,0,0,7.2292,C,Mr,1,YoungAdult
799,800,0,3,female,1,1,24.15,S,Mrs,3,YoungAdult
800,801,0,2,male,0,0,13.0,S,Mr,2,YoungAdult
801,802,1,2,female,1,1,26.25,S,Mrs,3,YoungAdult
802,803,1,1,male,1,2,120.0,S,Master,4,Child
803,804,1,3,male,0,1,8.5167,C,Master,1,Child
804,805,1,3,male,0,0,6.975,S,Mr,1,YoungAdult
805,806,0,3,male,0,0,7.775,S,Mr,1,YoungAdult
806,807,0,1,male,0,0,0.0,S,Mr,1,Adult
807,808,0,3,female,0,0,7.775,S,Miss,1,Teen
808,809,0,2,male,0,0,13.0,S,Mr,1,Adult
809,810,1,1,female,1,0,53.1,S,Mrs,2,YoungAdult
810,811,0,3,male,0,0,7.8875,S,Mr,1,YoungAdult
811,812,0,3,male,0,0,24.15,S,Mr,2,Adult
812,813,0,2,male,0,0,10.5,S,Mr,1,YoungAdult
813,814,0,3,female,4,2,31.275,S,Miss,7,Child
814,815,0,3,male,0,0,8.05,S,Mr,1,YoungAdult
815,816,0,1,male,0,0,0.0,S,Mr,1,Unknown
816,817,0,3,female,0,0,7.925,S,Miss,1,YoungAdult
817,818,0,2,male,1,1,37.0042,C,Mr,2,YoungAdult
818,819,0,3,male,0,0,6.45,S,Mr,1,Adult
819,820,0,3,male,3,2,27.9,S,Master,6,Child
820,821,1,1,female,1,1,93.5,S,Mrs,2,Senior
821,822,1,3,male,0,0,8.6625,S,Mr,1,YoungAdult
822,823,0,1,male,0,0,0.0,S,Jonkheer,1,Adult
823,824,1,3,female,0,1,12.475,S,Mrs,2,YoungAdult
824,825,0,3,male,4,1,39.6875,S,Master,6,Child
825,826,0,3,male,0,0,6.95,Q,Mr,1,Unknown
826,827,0,3,male,0,0,56.4958,S,Mr,7,Unknown
827,828,1,2,male,0,2,37.0042,C,Master,2,Child
828,829,1,3,male,0,0,7.75,Q,Mr,1,Unknown
829,830,1,1,female,0,0,80.0,Unknown,Mrs,2,Senior
830,831,1,3,female,1,0,14.4542,C,Mrs,2,Teen
831,832,1,2,male,1,1,18.75,S,Master,3,Child
832,833,0,3,male,0,0,7.2292,C,Mr,1,Unknown
833,834,0,3,male,0,0,7.8542,S,Mr,1,YoungAdult
834,835,0,3,male,0,0,8.3,S,Mr,1,Teen
835,836,1,1,female,1,1,83.1583,C,Miss,1,Adult
836,837,0,3,male,0,0,8.6625,S,Mr,1,YoungAdult
837,838,0,3,male,0,0,8.05,S,Mr,1,Unknown
838,839,1,3,male,0,0,56.4958,S,Mr,7,YoungAdult
839,840,1,1,male,0,0,29.7,C,Mr,1,Unknown
840,841,0,3,male,0,0,7.925,S,Mr,1,YoungAdult
841,842,0,2,male,0,0,10.5,S,Mr,2,Teen
842,843,1,1,female,0,0,31.0,C,Miss,2,YoungAdult
843,844,0,3,male,0,0,6.4375,C,Mr,1,YoungAdult
844,845,0,3,male,0,0,8.6625,S,Mr,1,Teen
845,846,0,3,male,0,0,7.55,S,Mr,1,Adult
846,847,0,3,male,8,2,69.55,S,Mr,7,Unknown
847,848,0,3,male,0,0,7.8958,C,Mr,1,YoungAdult
848,849,0,2,male,0,1,33.0,S,Rev,3,YoungAdult
849,850,1,1,female,1,0,89.1042,C,Mrs,2,Unknown
850,851,0,3,male,4,2,31.275,S,Master,7,Child
851,852,0,3,male,0,0,7.775,S,Mr,1,Senior
852,853,0,3,female,1,1,15.2458,C,Miss,2,Child
853,854,1,1,female,0,1,39.4,S,Miss,1,Teen
854,855,0,2,female,1,0,26.0,S,Mrs,2,Adult
855,856,1,3,female,0,1,9.35,S,Mrs,1,Teen
856,857,1,1,female,1,1,164.8667,S,Mrs,2,Adult
857,858,1,1,male,0,0,26.55,S,Mr,1,Senior
858,859,1,3,female,0,3,19.2583,C,Mrs,4,YoungAdult
859,860,0,3,male,0,0,7.2292,C,Mr,1,Unknown
860,861,0,3,male,2,0,14.1083,S,Mr,1,Adult
861,862,0,2,male,1,0,11.5,S,Mr,1,YoungAdult
862,863,1,1,female,0,0,25.9292,S,Mrs,1,Adult
863,864,0,3,female,8,2,69.55,S,Miss,7,Unknown
864,865,0,2,male,0,0,13.0,S,Mr,1,YoungAdult
865,866,1,2,female,0,0,13.0,S,Mrs,1,Adult
866,867,1,2,female,1,0,13.8583,C,Miss,1,YoungAdult
867,868,0,1,male,0,0,50.4958,S,Mr,1,YoungAdult
868,869,0,3,male,0,0,9.5,S,Mr,1,Unknown
869,870,1,3,male,1,1,11.1333,S,Master,3,Child
870,871,0,3,male,0,0,7.8958,S,Mr,1,YoungAdult
871,872,1,1,female,1,1,52.5542,S,Mrs,2,Adult
872,873,0,1,male,0,0,5.0,S,Mr,1,YoungAdult
873,874,0,3,male,0,0,9.0,S,Mr,1,Adult
874,875,1,2,female,1,0,24.0,C,Mrs,2,YoungAdult
875,876,1,3,female,0,0,7.225,C,Miss,1,Teen
876,877,0,3,male,0,0,9.8458,S,Mr,2,YoungAdult
877,878,0,3,male,0,0,7.8958,S,Mr,1,YoungAdult
878,879,0,3,male,0,0,7.8958,S,Mr,1,Unknown
879,880,1,1,female,0,1,83.1583,C,Mrs,2,Senior
880,881,1,2,female,0,1,26.0,S,Mrs,2,YoungAdult
881,882,0,3,male,0,0,7.8958,S,Mr,1,YoungAdult
882,883,0,3,female,0,0,10.5167,S,Miss,1,YoungAdult
883,884,0,2,male,0,0,10.5,S,Mr,1,YoungAdult
884,885,0,3,male,0,0,7.05,S,Mr,1,YoungAdult
885,886,0,3,female,0,5,29.125,Q,Mrs,5,Adult
886,887,0,2,male,0,0,13.0,S,Rev,1,YoungAdult
887,888,1,1,female,0,0,30.0,S,Miss,1,YoungAdult
888,889,0,3,female,1,2,23.45,S,Miss,2,Unknown
889,890,1,1,male,0,0,30.0,C,Mr,1,YoungAdult
890,891,0,3,male,0,0,7.75,Q,Mr,1,YoungAdult
